PNR,DEP. DATE,TBO-TotalAmount(Preferred Curr),TRIPEUR-NETPAYABLE,PASS/FAIL-NETPAYABLE,TBO- Total GST,TRIPEUR-Airline Gst,PASS/FAIL-Airline Gst
V83VKC,07-05-2018,"[""5099.99""]","[""5313""]","[""PASS""]","[""0""]",[0],"[""PASS""]"
M747MB,07-05-2018,"[""4045.16""]","[""4160""]","[""PASS""]","[""0""]",[0],"[""PASS""]"
EB8ZTC,07-05-2018,"[""5255.8""]","[""5370""]","[""PASS""]","[""0""]",[0],"[""PASS""]"
P9T6ZE,07-05-2018,"[""8849.05""]","[""9205""]","[""PASS""]","[""0""]",[0],"[""PASS""]"
EMUH3J,07-05-2018,"[""4856.5""]","[""4857""]","[""PASS""]","[""13.5""]",[0],"[""FAIL""]"
K93VQY,07-05-2018,"[""8034.65""]","[""8149""]","[""PASS""]","[""0""]",[0],"[""PASS""]"
S74VQR,07-05-2018,"[""5753.83""]","[""5855""]","[""PASS""]","[""0""]",[0],"[""PASS""]"
JB4F5P,07-05-2018,"[""7986.29""]","[""8119""]","[""PASS""]","[""0""]",[0],"[""PASS""]"
SDBG7N,07-05-2018,"[""3736.5""]","[""3902""]","[""PASS""]","[""0""]",[0],"[""PASS""]"
M9GZTY,13-06-2018,"[""5740.5""]","[""5780""]","[""PASS""]","[""0""]","[""0""]","[""PASS""]"
LQDSMA,13-06-2018,"[""2652.14""]","[""2763""]","[""PASS""]","[""0""]","[""0""]","[""PASS""]"
HRTM4K,13-06-2018,"[""2985.5""]","[""3045""]","[""PASS""]","[""13.5""]","[""0""]","[""FAIL""]"
34K0PY,13-06-2018,"[""5510""]",[26932],"[""PASS""]","[""18""]","[""00""]","[""FAIL""]"
R93HZW,09-05-2018,"[""5681.9""]","[""5866""]","[""PASS""]","[""0""]",[0],"[""PASS""]"
IYQQYF,09-05-2018,"[""5083.8""]","[""5198""]","[""PASS""]","[""0""]",[0],"[""PASS""]"
LLBNPR,09-05-2018,"[""5846.72""]","[""5965""]","[""PASS""]","[""0""]",[0],"[""PASS""]"
XK9CTX,09-05-2018,"[""6644.95""]",[13530],"[""PASS""]","[""0""]",[0],"[""PASS""]"
UKGNUH,09-05-2018,"[""5585.83""]","[""5687""]","[""PASS""]","[""0""]",[0],"[""PASS""]"
RJ77TK,09-05-2018,"[""7959.52""]","[""8087""]","[""PASS""]","[""0""]",[0],"[""PASS""]"
WFCVPW,09-05-2018,"[""7242.56""]","[""7367""]","[""PASS""]","[""0""]",[0],"[""PASS""]"
8GVDKI,09-05-2018,"[""11540.18""]","[""11753""]","[""PASS""]","[""0""]",[0],"[""PASS""]"
EWLSRW,09-05-2018,"[""7629.5""]","[""7630""]","[""PASS""]","[""13.5""]",[0],"[""FAIL""]"
JKZLUI,09-05-2018,"[""7471.5""]","[""7472""]","[""PASS""]","[""13.5""]",[0],"[""FAIL""]"
VJMC6H,09-05-2018,"[""9202.68""]","[""9309""]","[""PASS""]","[""0""]",[0],"[""PASS""]"
J3NN9S,09-05-2018,"[""4458.9""]","[""4663""]","[""PASS""]","[""0""]",[0],"[""PASS""]"
L89IRF,09-05-2018,"[""4231.34""]","[""4416""]","[""PASS""]","[""0""]",[0],"[""PASS""]"
CYD58C,09-05-2018,"[""9202.68""]","[""9309""]","[""PASS""]","[""0""]",[0],"[""PASS""]"
B8GJNY,09-05-2018,"[""9307.1""]","[""9413""]","[""PASS""]","[""0""]",[0],"[""PASS""]"
LR2N6C,09-05-2018,"[""6675.65""]","[""6879""]","[""PASS""]","[""0""]",[0],"[""PASS""]"
EYCZTF,09-05-2018,"[""7567.12""]","[""7699""]","[""PASS""]","[""0""]",[0],"[""PASS""]"
NPR43D,09-05-2018,"[""2329.5""]","[""2443""]","[""PASS""]","[""13.5""]",[0],"[""FAIL""]"
P7G6FC,09-05-2018,"[""8308.55""]","[""8660""]","[""PASS""]","[""0""]",[0],"[""PASS""]"
MH3MKA,09-05-2018,"[""8482.68""]","[""8599""]","[""PASS""]","[""0""]",[0],"[""PASS""]"
XDIE7N,09-05-2018,"[""3132.42""]","[""3251""]","[""PASS""]","[""0""]",[0],"[""PASS""]"
SKFMOY,09-05-2018,"[""9027.43""]","[""9332""]","[""PASS""]","[""0""]",[0],"[""PASS""]"
SNHTOB,09-05-2018,"[""9423.69""]","[""9662""]","[""PASS""]","[""0""]",[0],"[""PASS""]"
RHS7YA,09-05-2018,"[""7195.9""]",[14654],"[""PASS""]","[""0""]",[0],"[""PASS""]"
VJ6DGK,09-05-2018,"[""9157.59""]","[""9290""]","[""PASS""]","[""0""]",[0],"[""PASS""]"
PPE75T,09-05-2018,"[""8673.5""]","[""8768""]","[""PASS""]","[""13.5""]",[0],"[""FAIL""]"
UVFXX9,09-05-2018,"[""8025.64""]","[""8254""]","[""PASS""]","[""0""]",[0],"[""PASS""]"
MRCDSA,09-05-2018,"[""9628.5""]","[""9688""]","[""PASS""]","[""13.5""]",[0],"[""FAIL""]"
GINYHX,09-05-2018,"[""8189.81""]","[""8316""]","[""PASS""]","[""0""]",[0],"[""PASS""]"
QCNLUS,14-05-2018,"[""9027.43""]","[""9299""]","[""PASS""]","[""0""]",[0],"[""PASS""]"
T86SUC,14-05-2018,"[""2835.64""]","[""2986""]","[""PASS""]","[""0""]",[0],"[""PASS""]"
STGK8G,14-05-2018,"[""10272.27""]","[""10368""]","[""PASS""]","[""0""]",[0],"[""PASS""]"
TATNVF,14-05-2018,"[""18251.68""]","[""18820""]","[""PASS""]","[""0""]",[0],"[""PASS""]"
RW6KXM,14-05-2018,"[""2628.5""]","[""2629""]","[""PASS""]","[""13.5""]",[0],"[""FAIL""]"
J9IL2F,14-05-2018,"[""11429.96""]","[""11571""]","[""PASS""]","[""0""]",[0],"[""PASS""]"
M9JANE,14-05-2018,"[""6454.96""]","[""6793""]","[""PASS""]","[""0""]",[0],"[""PASS""]"
N5BLF2,14-05-2018,"[""6091.38""]","[""6251""]","[""PASS""]","[""0""]","[""0""]","[""PASS""]"
WGRNFD,14-05-2018,"[""4680.4""]","[""4792""]","[""PASS""]","[""0""]","[""0""]","[""PASS""]"
S5I63V,14-05-2018,"[""5202.87""]","[""5339""]","[""PASS""]","[""0""]","[""0""]","[""PASS""]"
QIYFNX,16-05-2018,"[""4090.34""]","[""4275""]","[""PASS""]","[""0""]",[0],"[""PASS""]"
QT659F,16-05-2018,"[""7863.26""]",[16228],"[""PASS""]","[""0""]",[0],"[""PASS""]"
R81RTC,16-05-2018,"[""2933.49""]","[""3090""]","[""PASS""]","[""0""]",[0],"[""PASS""]"
SGFNJR,16-05-2018,"[""7252.07""]","[""7492""]","[""PASS""]","[""0""]",[0],"[""PASS""]"
YYVDHV,16-05-2018,"[""8306.78""]","[""8435""]","[""PASS""]","[""0""]",[0],"[""PASS""]"
UW3DKM,16-05-2018,"[""8328.5""]","[""8423""]","[""PASS""]","[""13.5""]",[0],"[""FAIL""]"
US79DQ,16-05-2018,"[""8761.68""]","[""9015""]","[""PASS""]","[""0""]",[0],"[""PASS""]"
YRI98A,16-05-2018,"[""7471.5""]","[""7566""]","[""PASS""]","[""13.5""]",[0],"[""FAIL""]"
V2HDLG,16-05-2018,"[""6318.36""]","[""6527""]","[""PASS""]","[""0""]",[0],"[""PASS""]"
NEDV8X,16-05-2018,"[""9412.18""]","[""9676""]","[""PASS""]","[""0""]",[0],"[""PASS""]"
D9DEWI,16-05-2018,"[""2804.48""]","[""2924""]","[""PASS""]","[""0""]",[0],"[""PASS""]"
R6KRHF,16-05-2018,"[""3652.47""]","[""3804""]","[""PASS""]","[""0""]","[""0""]","[""PASS""]"
KLLDMB,16-05-2018,"[""8645.49""]","[""8774""]","[""PASS""]","[""0""]","[""0""]","[""PASS""]"
WKXB6G,16-05-2018,"[""6433.75""]","[""6559""]","[""PASS""]","[""0""]","[""0""]","[""PASS""]"
TWAB3I,16-05-2018,"[""8669.81""]","[""8816""]","[""PASS""]","[""0""]","[""0""]","[""PASS""]"
WIMM3K,16-05-2018,"[""2330.54""]","[""2448""]","[""PASS""]","[""0""]","[""0""]","[""PASS""]"
C8VZFO,16-05-2018,"[""3386.11""]","[""3499""]","[""PASS""]","[""0""]","[""0""]","[""PASS""]"
DRBGNN,16-05-2018,"[""2829.5""]","[""2924""]","[""PASS""]","[""13.5""]","[""0""]","[""FAIL""]"
TLNMX5,04-05-2018,"[""14221.31""]","[""14654""]","[""PASS""]","[""0""]",[0],"[""PASS""]"
NJNJNH,04-05-2018,"[""8978.81""]","[""9084""]","[""PASS""]","[""0""]",[0],"[""PASS""]"
70KPKK,04-05-2018,"[""5046.06""]","[""5245""]","[""PASS""]","[""0""]",[0],"[""PASS""]"
J8MEVL,04-05-2018,"[""2954.31""]","[""3052""]","[""PASS""]","[""0""]",[0],"[""PASS""]"
VBRY3D,04-05-2018,"[""11781.88""]","[""11947""]","[""PASS""]","[""0""]",[0],"[""PASS""]"
JKS3KR,04-05-2018,"[""9307.1""]","[""9427""]","[""PASS""]","[""0""]",[0],"[""PASS""]"
XEYUMZ,04-05-2018,"[""7230.97""]","[""7349""]","[""PASS""]","[""0""]",[0],"[""PASS""]"
PC6RBO,04-05-2018,"[""8621.91""]","[""8914""]","[""PASS""]","[""0""]",[0],"[""PASS""]"
V3CF4V,11-05-2018,"[""8279.99""]",[17338],"[""PASS""]","[""0""]",[0],"[""PASS""]"
6XD5F8,11-05-2018,"[""5918.25""]","[""6038""]","[""PASS""]","[""0""]",[0],"[""PASS""]"
N9UKYZ,11-05-2018,"[""4008.75""]","[""4200""]","[""PASS""]","[""0""]",[0],"[""PASS""]"
NEF8WJ,11-05-2018,"[""5585.83""]","[""5590""]","[""PASS""]","[""0""]",[0],"[""PASS""]"
J5BMUY,11-05-2018,"[""7392.22""]","[""7471""]","[""PASS""]","[""0""]",[0],"[""PASS""]"
H5DJSP,11-05-2018,"[""8845.98""]","[""9265""]","[""PASS""]","[""0""]",[0],"[""PASS""]"
D4ZLPS,11-05-2018,"[""6647.96""]","[""6928""]","[""PASS""]","[""0""]",[0],"[""PASS""]"
01S4BM,11-05-2018,"[""1523.07""]","[""1623""]","[""PASS""]","[""0""]",[0],"[""PASS""]"
SHFGNW,11-05-2018,"[""8621.91""]","[""8914""]","[""PASS""]","[""0""]",[0],"[""PASS""]"
KGVQ6N,11-05-2018,"[""3424.6""]","[""3530""]","[""PASS""]","[""0""]",[0],"[""PASS""]"
UV4GJ3,11-05-2018,"[""6318.36""]","[""6527""]","[""PASS""]","[""0""]",[0],"[""PASS""]"
EL72KC,11-05-2018,"[""3128.5""]","[""3223""]","[""PASS""]","[""13.5""]",[0],"[""FAIL""]"
LP9SHG,11-05-2018,"[""3128.5""]","[""3241""]","[""PASS""]","[""13.5""]",[0],"[""FAIL""]"
OI8Y7K,11-05-2018,"[""5605.7""]","[""5731""]","[""PASS""]","[""0""]",[0],"[""PASS""]"
K8AO65,11-05-2018,"[""2044.57""]","[""2209""]","[""PASS""]","[""0""]",[0],"[""PASS""]"
LROMQC,11-05-2018,"[""7488.02""]","[""7671""]","[""PASS""]","[""0""]",[0],"[""PASS""]"
9NZ276,10-05-2018,"[""8773.02""]",[27261],"[""PASS""]","[""0""]",[0],"[""PASS""]"
MR4GHQ,10-05-2018,"[""8773.02""]",[17758],"[""PASS""]","[""0""]",[0],"[""PASS""]"
FDEIFE,10-05-2018,"[""3916.58""]","[""4112""]","[""PASS""]","[""0""]",[0],"[""PASS""]"
X794YE,10-05-2018,"[""9307.1""]","[""9315""]","[""PASS""]","[""0""]",[0],"[""PASS""]"
WV4P4E,10-05-2018,"[""6162.5""]","[""6257""]","[""PASS""]","[""13.5""]",[0],"[""FAIL""]"
48R8TC,10-05-2018,"[""8250""]","[""8478""]","[""PASS""]","[""0""]",[0],"[""PASS""]"
YK17KX,10-05-2018,"[""4045.16""]","[""4160""]","[""PASS""]","[""0""]",[0],"[""PASS""]"
L68D7L,10-05-2018,"[""10272.27""]","[""10517""]","[""PASS""]","[""0""]",[0],"[""PASS""]"
LENRDN,10-05-2018,"[""9027.43""]","[""9332""]","[""PASS""]","[""0""]",[0],"[""PASS""]"
B8RN7V,10-05-2018,"[""5585.83""]","[""5703""]","[""PASS""]","[""0""]",[0],"[""PASS""]"
WIHM6K,10-05-2018,"[""7242.56""]","[""7367""]","[""PASS""]","[""0""]",[0],"[""PASS""]"
RYRFGF,10-05-2018,"[""3800.81""]","[""3909""]","[""PASS""]","[""0""]",[0],"[""PASS""]"
JEJQVW,10-05-2018,"[""2533.3""]","[""2655""]","[""PASS""]","[""0""]",[0],"[""PASS""]"
VD4C4M,10-05-2018,"[""7230.97""]","[""7246""]","[""PASS""]","[""0""]",[0],"[""PASS""]"
QHKWFH,10-05-2018,"[""6709.46""]","[""6952""]","[""PASS""]","[""0""]",[0],"[""PASS""]"
KKZU9E,10-05-2018,"[""6552.16""]","[""6673""]","[""PASS""]","[""0""]",[0],"[""PASS""]"
SWR8ND,10-05-2018,"[""9425.34""]","[""9603""]","[""PASS""]","[""0""]",[0],"[""PASS""]"
AW2GXJ,10-05-2018,"[""3128.5""]","[""3241""]","[""PASS""]","[""13.5""]",[0],"[""FAIL""]"
IFNPPT,10-05-2018,"[""5727.76""]","[""5844""]","[""PASS""]","[""0""]",[0],"[""PASS""]"
ELULRP,10-05-2018,"[""2329.5""]","[""2424""]","[""PASS""]","[""13.5""]",[0],"[""FAIL""]"
ZDCCKQ,10-05-2018,"[""3907.66""]","[""4090""]","[""PASS""]","[""0""]",[0],"[""PASS""]"
TF9RWG,10-05-2018,"[""5671.53""]","[""5867""]","[""PASS""]","[""1.8""]",[0],"[""FAIL""]"
MWRY9G,13-05-2018,"[""2629.5""]",[5378],"[""PASS""]","[""13.5""]",[0],"[""FAIL""]"
KIKFHL,13-05-2018,"[""1737.5""]","[""1738""]","[""PASS""]","[""13.5""]",[0],"[""FAIL""]"
Z5QSMS,13-05-2018,"[""32465.29""]","[""33690""]","[""PASS""]","[""1.8""]",[0],"[""FAIL""]"
O5EYVC,13-05-2018,"[""5308.42""]","[""5545""]","[""PASS""]","[""0""]",[0],"[""PASS""]"
LQ9ERK,13-05-2018,"[""5681.9""]","[""5933""]","[""PASS""]","[""0""]",[0],"[""PASS""]"
MC4BWC,13-05-2018,"[""4264.43""]","[""4387""]","[""PASS""]","[""0""]",[0],"[""PASS""]"
JFF17D,13-05-2018,"[""6031.37""]","[""6133""]","[""PASS""]","[""0""]",[0],"[""PASS""]"
HBHLQC,13-05-2018,"[""9262.99""]",[18798],"[""PASS""]","[""0""]",[0],"[""PASS""]"
UZZHWB,13-05-2018,"[""10068.49""]","[""10314""]","[""PASS""]","[""0""]",[0],"[""PASS""]"
TNXDSS,13-05-2018,"[""10068.49""]","[""10329""]","[""PASS""]","[""0""]",[0],"[""PASS""]"
OFLI7D,13-05-2018,"[""8199.52""]","[""8327""]","[""PASS""]","[""0""]",[0],"[""PASS""]"
MKHCEW,13-05-2018,"[""2860.23""]","[""3020""]","[""PASS""]","[""0""]",[0],"[""PASS""]"
S75VSR,12-05-2018,"[""8348.48""]","[""8477""]","[""PASS""]","[""0""]",[0],"[""PASS""]"
RJ2ZFL,12-05-2018,"[""2629.5""]",[5378],"[""PASS""]","[""13.5""]",[0],"[""FAIL""]"
TUHNVX,12-05-2018,"[""4698.81""]","[""4828""]","[""PASS""]","[""0""]",[0],"[""PASS""]"
SQ11TM,12-05-2018,"[""130468.86""]","[""132388""]","[""PASS""]","[""1.8""]",[0],"[""FAIL""]"
TBF6VF,12-05-2018,"[""6646.06""]","[""6775""]","[""PASS""]","[""0""]",[0],"[""PASS""]"
01S4CA,12-05-2018,"[""1919.54""]","[""2022""]","[""PASS""]","[""0""]",[0],"[""PASS""]"
S5L9QP,12-05-2018,"[""9027.43""]","[""9252""]","[""PASS""]","[""0""]",[0],"[""PASS""]"
W8B3RC,12-05-2018,"[""7337.55""]","[""7603""]","[""PASS""]","[""0""]",[0],"[""PASS""]"
V57MD8,12-05-2018,"[""6654.28""]","[""6774""]","[""PASS""]","[""0""]",[0],"[""PASS""]"
TBM6KS,12-05-2018,"[""2773.8""]","[""2789""]","[""PASS""]","[""0""]",[0],"[""PASS""]"
B3MLYF,12-05-2018,"[""10604.05""]","[""10966""]","[""PASS""]","[""0""]",[0],"[""PASS""]"
MHI6UA,12-05-2018,"[""6257.08""]","[""6377""]","[""PASS""]","[""0""]",[0],"[""PASS""]"
PJEVQX,12-05-2018,"[""5281.05""]","[""5354""]","[""PASS""]","[""0""]",[0],"[""PASS""]"
M4WFYC,12-05-2018,"[""4753.5""]","[""4960""]","[""PASS""]","[""0""]",[0],"[""PASS""]"
URBUIB,12-05-2018,"[""45739""]",[91242],"[""PASS""]","[""18""]","[""00""]","[""FAIL""]"
SFFH7L,17-05-2018,"[""6773.78""]","[""6984""]","[""PASS""]","[""0""]",[0],"[""PASS""]"
VE4MEX,17-05-2018,"[""8025.64""]","[""8223""]","[""PASS""]","[""0""]",[0],"[""PASS""]"
QY24RD,17-05-2018,"[""4766.98""]","[""4892""]","[""PASS""]","[""0""]",[0],"[""PASS""]"
VOFWNU,17-05-2018,"[""7685.54""]","[""7850""]","[""PASS""]","[""0""]",[0],"[""PASS""]"
APGTTT,17-05-2018,"[""3129.5""]","[""3130""]","[""PASS""]","[""13.5""]",[0],"[""FAIL""]"
KCXDGY,17-05-2018,"[""9027.43""]","[""9299""]","[""PASS""]","[""0""]",[0],"[""PASS""]"
ODQ5RN,17-05-2018,"[""6012.88""]","[""6255""]","[""PASS""]","[""0""]",[0],"[""PASS""]"
HILSFX,17-05-2018,"[""3131.47""]","[""3139""]","[""PASS""]","[""0""]",[0],"[""PASS""]"
S7CGGB,17-05-2018,"[""8767.42""]","[""8898""]","[""PASS""]","[""0""]","[""0""]","[""PASS""]"
X7GISF,17-05-2018,"[""5442.23""]","[""5642""]","[""PASS""]","[""0""]","[""0""]","[""PASS""]"
TY495M,17-05-2018,"[""9032.03""]","[""9301""]","[""PASS""]","[""0""]","[""0""]","[""PASS""]"
P9FCXM,17-05-2018,"[""5672.88""]","[""5874""]","[""PASS""]","[""0""]","[""0""]","[""PASS""]"
WD61XP,17-05-2018,"[""5491.49""]","[""5606""]","[""PASS""]","[""0""]","[""0""]","[""PASS""]"
CDSN9G,17-05-2018,"[""6022.04""]","[""6141""]","[""PASS""]","[""0""]","[""0""]","[""PASS""]"
H77LXB,17-05-2018,"[""9157.59""]","[""9281""]","[""PASS""]","[""0""]","[""0""]","[""PASS""]"
U5M33V,17-05-2018,"[""4567.93""]",[9422],"[""PASS""]","[""0""]",[0],"[""PASS""]"
ZSN9UA,17-05-2018,"[""7429.5""]","[""7524""]","[""PASS""]","[""13.5""]","[""0""]","[""FAIL""]"
FIFKPK,17-05-2018,"[""9157.59""]","[""9290""]","[""PASS""]","[""0""]","[""0""]","[""PASS""]"
MKMG9R,17-05-2018,"[""7514.56""]","[""7640""]","[""PASS""]","[""0""]","[""0""]","[""PASS""]"
WR37A9,17-05-2018,"[""8332.81""]","[""8572""]","[""PASS""]","[""0""]","[""0""]","[""PASS""]"
E71J82,17-05-2018,"[""2461""]",[2461],"[""PASS""]","[""9""]","[""00""]","[""FAIL""]"
U63YQI,17-05-2018,"[""5232.8""]","[""5424""]","[""PASS""]","[""0""]","[""0""]","[""PASS""]"
FG1I8R,17-05-2018,"[""5483.4""]","[""5682""]","[""PASS""]","[""0""]","[""0""]","[""PASS""]"
IHQ75K,17-05-2018,"[""6770.16""]","[""6891""]","[""PASS""]","[""0""]","[""0""]","[""PASS""]"
H8FUTG,17-05-2018,"[""4406.26""]",[9118],"[""PASS""]","[""0""]",[0],"[""PASS""]"
J6IMPO,21-05-2018,"[""5356.45""]","[""5537""]","[""PASS""]","[""0""]",[0],"[""PASS""]"
VG4C4D,21-05-2018,"[""4525.53""]",[18576],"[""PASS""]","[""0""]",[0],"[""PASS""]"
Y7KNVR,21-05-2018,"[""4525.53""]",[18576],"[""PASS""]","[""0""]",[0],"[""PASS""]"
IF5QTG,21-05-2018,"[""4859.01""]",[29868],"[""PASS""]","[""0""]",[0],"[""PASS""]"
VHMQTQ,21-05-2018,"[""6198.32""]","[""6317""]","[""PASS""]","[""0""]",[0],"[""PASS""]"
A8PIJI,21-05-2018,"[""5746.27""]","[""5862""]","[""PASS""]","[""0""]",[0],"[""PASS""]"
JQF8BT,21-05-2018,"[""4815.94""]","[""4981""]","[""PASS""]","[""0""]",[0],"[""PASS""]"
R467Q9,21-05-2018,"[""5064.88""]","[""5274""]","[""PASS""]","[""0""]","[""0""]","[""PASS""]"
E8W8QY,21-05-2018,"[""4917.67""]","[""5031""]","[""PASS""]","[""0""]","[""0""]","[""PASS""]"
583N90,21-05-2018,"[""60612""]","[""60789""]","[""PASS""]","[""18""]",[0],"[""FAIL""]"
RMRO4U,21-05-2018,"[""2426.74""]","[""2534""]","[""PASS""]","[""0""]","[""0""]","[""PASS""]"
CJ37PO,21-05-2018,"[""5594.4""]",[11412],"[""PASS""]","[""0""]",[0],"[""PASS""]"
CKPFCU,21-05-2018,"[""5432.37""]",[11088],"[""PASS""]","[""0""]",[0],"[""PASS""]"
JMPDFM,21-05-2018,"[""5329.5""]","[""5424""]","[""PASS""]","[""13.5""]","[""0""]","[""FAIL""]"
SWCXV2,21-05-2018,"[""6626.11""]","[""6717""]","[""PASS""]","[""0""]","[""0""]","[""PASS""]"
O7KPVB,21-05-2018,"[""2921.22""]","[""2938""]","[""PASS""]","[""0""]","[""0""]","[""PASS""]"
F7F58G,21-05-2018,"[""6370.24""]","[""6534""]","[""PASS""]","[""0""]","[""0""]","[""PASS""]"
K4RQKC,21-05-2018,"[""2985.54""]","[""3130""]","[""PASS""]","[""0""]","[""0""]","[""PASS""]"
T8MN2M,21-05-2018,"[""7197.68""]","[""7368""]","[""PASS""]","[""0""]","[""0""]","[""PASS""]"
PVTMQW,21-05-2018,"[""6557.2""]","[""6642""]","[""PASS""]","[""0""]","[""0""]","[""PASS""]"
X3U4UB,21-05-2018,"[""4697.07""]","[""4759""]","[""PASS""]","[""0""]","[""0""]","[""PASS""]"
W9EM3Z,21-05-2018,"[""3223.33""]","[""3380""]","[""PASS""]","[""0""]","[""0""]","[""PASS""]"
ECGU5Z,21-05-2018,"[""2505.26""]","[""2511""]","[""PASS""]","[""0""]","[""0""]","[""PASS""]"
GP28WW,21-05-2018,"[""8628.5""]","[""8723""]","[""PASS""]","[""13.5""]","[""0""]","[""FAIL""]"
QENYFK,21-05-2018,"[""9336.08""]","[""9638""]","[""PASS""]","[""0""]","[""0""]","[""PASS""]"
BGPYVA,21-05-2018,"[""2735.57""]",[5484],"[""PASS""]","[""0""]",[0],"[""PASS""]"
V7BRRM,21-05-2018,"[""3671.72""]","[""3856""]","[""PASS""]","[""0""]","[""0""]","[""PASS""]"
F1S8FY,21-05-2018,"[""3671.72""]","[""3856""]","[""PASS""]","[""0""]","[""0""]","[""PASS""]"
VI4LFJ,21-05-2018,"[""7001.9""]","[""7240""]","[""PASS""]","[""0""]","[""0""]","[""PASS""]"
B7EE7L,21-05-2018,"[""5597.71""]","[""5714""]","[""PASS""]","[""0""]","[""0""]","[""PASS""]"
L876SW,18-05-2018,"[""6774.46""]","[""6996""]","[""PASS""]","[""0""]",[0],"[""PASS""]"
N8P5QL,18-05-2018,"[""2416.91""]","[""2430""]","[""PASS""]","[""0""]","[""0""]","[""PASS""]"
T8UH3Y,18-05-2018,"[""2941.03""]","[""2960""]","[""PASS""]","[""0""]","[""0""]","[""PASS""]"
PEP7XJ,18-05-2018,"[""8365.48""]","[""8475""]","[""PASS""]","[""0""]","[""0""]","[""PASS""]"
2LWFR2,18-05-2018,"[""7816.42""]","[""8026""]","[""PASS""]","[""0""]","[""0""]","[""PASS""]"
ID627J,18-05-2018,"[""9418.35""]","[""9551""]","[""PASS""]","[""0""]","[""0""]","[""PASS""]"
GIWHXK,18-05-2018,"[""6947.92""]","[""7068""]","[""PASS""]","[""0""]","[""0""]","[""PASS""]"
EPGCNT,18-05-2018,"[""6326.5""]","[""6421""]","[""PASS""]","[""13.5""]","[""0""]","[""FAIL""]"
VGTU4R,18-05-2018,"[""7138.4""]","[""7338""]","[""PASS""]","[""0""]","[""0""]","[""PASS""]"
LD1G6Z,18-05-2018,"[""8958.98""]","[""9094""]","[""PASS""]","[""0""]","[""0""]","[""PASS""]"
N8D3RS,18-05-2018,"[""3989.89""]","[""4193""]","[""PASS""]","[""0""]","[""0""]","[""PASS""]"
DH5K2U,18-05-2018,"[""4538.15""]","[""4694""]","[""PASS""]","[""0""]","[""0""]","[""PASS""]"
KYWSQF,18-05-2018,"[""6216.15""]","[""6336""]","[""PASS""]","[""0""]","[""0""]","[""PASS""]"
KXDZS6,18-05-2018,"[""10785.68""]","[""11090""]","[""PASS""]","[""0""]","[""0""]","[""PASS""]"
K53D2V,18-05-2018,"[""10374.6""]","[""10674""]","[""PASS""]","[""0""]","[""0""]","[""PASS""]"
PJ728Y,18-05-2018,"[""5626.5""]","[""5721""]","[""PASS""]","[""13.5""]","[""0""]","[""FAIL""]"
CQG78Q,18-05-2018,"[""6721""]","[""6721""]","[""PASS""]","[""0""]","[""0""]","[""PASS""]"
QE4CJ2,15-05-2018,"[""4864.5""]","[""4987""]","[""PASS""]","[""0""]",[0],"[""PASS""]"
STDBVV,15-05-2018,"[""7953""]","[""8038""]","[""PASS""]","[""0""]",[0],"[""PASS""]"
SJEB9H,15-05-2018,"[""8524.72""]","[""8659""]","[""PASS""]","[""0""]",[0],"[""PASS""]"
VDW2AF,15-05-2018,"[""8353.94""]","[""8567""]","[""PASS""]","[""0""]",[0],"[""PASS""]"
XFRHJG,15-05-2018,"[""5727.76""]","[""5844""]","[""PASS""]","[""0""]",[0],"[""PASS""]"
OI585K,15-05-2018,"[""5727.76""]",[11708],"[""PASS""]","[""0""]",[0],"[""PASS""]"
VB9JPF,15-05-2018,"[""8804.33""]","[""8939""]","[""PASS""]","[""0""]",[0],"[""PASS""]"
S8EB4L,15-05-2018,"[""8936.37""]","[""9066""]","[""PASS""]","[""0""]",[0],"[""PASS""]"
UDQ1HM,15-05-2018,"[""4305.64""]","[""4416""]","[""PASS""]","[""0""]",[0],"[""PASS""]"
NJBN8H,15-05-2018,"[""4229.68""]","[""4352""]","[""PASS""]","[""0""]",[0],"[""PASS""]"
FJMB8E,15-05-2018,"[""2804.48""]","[""2924""]","[""PASS""]","[""0""]",[0],"[""PASS""]"
HBBFHC,15-05-2018,"[""10750.02""]","[""10887""]","[""PASS""]","[""0""]",[0],"[""PASS""]"
Y5LFFC,15-05-2018,"[""5594.39""]","[""5679""]","[""PASS""]","[""0""]",[0],"[""PASS""]"
N99FRY,15-05-2018,"[""6257.08""]","[""6332""]","[""PASS""]","[""0""]","[""0""]","[""PASS""]"
FD154J,15-05-2018,"[""2290.82""]","[""2393""]","[""PASS""]","[""0""]","[""0""]","[""PASS""]"
JYYMGF,19-05-2018,"[""4992.12""]","[""5105""]","[""PASS""]","[""0""]",[0],"[""PASS""]"
NEGKTJ,19-05-2018,"[""4267.41""]","[""4378""]","[""PASS""]","[""0""]",[0],"[""PASS""]"
RCK9RK,19-05-2018,"[""3481.14""]","[""3652""]","[""PASS""]","[""0""]",[0],"[""PASS""]"
RM4M7P,19-05-2018,"[""3726.5""]","[""3727""]","[""PASS""]","[""13.5""]",[0],"[""FAIL""]"
U442RL,19-05-2018,"[""9032.03""]","[""9301""]","[""PASS""]","[""0""]","[""0""]","[""PASS""]"
UCSVQP,19-05-2018,"[""4720.98""]","[""4833""]","[""PASS""]","[""0""]","[""0""]","[""PASS""]"
MMGLVC,19-05-2018,"[""5629.5""]",[11496],"[""PASS""]","[""13.5""]","[""00""]","[""FAIL""]"
QU5FFH,19-05-2018,"[""6028.5""]","[""6029""]","[""PASS""]","[""13.5""]","[""0""]","[""FAIL""]"
YKDM4U,19-05-2018,"[""7161.14""]","[""7211""]","[""PASS""]","[""0""]","[""0""]","[""PASS""]"
IP7NJG,19-05-2018,"[""6028.5""]","[""6123""]","[""PASS""]","[""13.5""]","[""0""]","[""FAIL""]"
KW939Q,19-05-2018,"[""11634.31""]","[""11959""]","[""PASS""]","[""0""]","[""0""]","[""PASS""]"
J8M48Z,19-05-2018,"[""4756.13""]","[""4942""]","[""PASS""]","[""0""]","[""0""]","[""PASS""]"
R62E5F,05-05-2018,"[""8842.24""]","[""9157""]","[""PASS""]","[""0""]",[0],"[""PASS""]"
OYWBNW,05-05-2018,"[""6013.19""]",[12500],"[""PASS""]","[""0""]",[0],"[""PASS""]"
DF94TT,05-05-2018,"[""8810.53""]","[""8916""]","[""PASS""]","[""0""]",[0],"[""PASS""]"
UGB1JT,05-05-2018,"[""6372.1""]",[12950],"[""PASS""]","[""0""]",[0],"[""PASS""]"
WI4ZF5,05-05-2018,"[""8886.37""]","[""9196""]","[""PASS""]","[""0""]",[0],"[""PASS""]"
WJCXTR,05-05-2018,"[""5270.98""]","[""5490""]","[""PASS""]","[""0""]",[0],"[""PASS""]"
AP0J32,20-05-2018,"[""2109.76""]","[""2162""]","[""PASS""]","[""0""]",[0],"[""PASS""]"
P8Q76Y,20-05-2018,"[""4215.79""]","[""4326""]","[""PASS""]","[""0""]",[0],"[""PASS""]"
G813XW,20-05-2018,"[""5779.99""]","[""5977""]","[""PASS""]","[""0""]","[""0""]","[""PASS""]"
K6YYYV,20-05-2018,"[""6115.8""]","[""6329""]","[""PASS""]","[""0""]","[""0""]","[""PASS""]"
AP4D7D,20-05-2018,"[""1686.5""]","[""1781""]","[""PASS""]","[""13.5""]","[""0""]","[""FAIL""]"
E61JNM,20-05-2018,"[""13497.15""]",[27450],"[""PASS""]","[""0""]",[0],"[""PASS""]"
VHWVVQ,20-05-2018,"[""5751.1""]","[""5766""]","[""PASS""]","[""0""]","[""0""]","[""PASS""]"
FGT3KA,20-05-2018,"[""20672.46""]","[""21111""]","[""PASS""]","[""0""]","[""0""]","[""PASS""]"
FKBFJE,20-05-2018,"[""2330.54""]","[""2433""]","[""PASS""]","[""0""]","[""0""]","[""PASS""]"
CWFDRK,20-05-2018,"[""3575.49""]","[""3737""]","[""PASS""]","[""0""]","[""0""]","[""PASS""]"
V53B4Y,10-06-2018,"[""6202.27""]","[""6441""]","[""PASS""]","[""0""]","[""0""]","[""PASS""]"
V6WOVT,10-06-2018,"[""3946.57""]","[""4050""]","[""PASS""]","[""0""]","[""0""]","[""PASS""]"
Z45G0I,10-06-2018,"[""7357.71""]","[""7748""]","[""PASS""]","[""0""]","[""0""]","[""PASS""]"
YKZM6H,27-05-2018,"[""7985.51""]","[""8118""]","[""PASS""]","[""0""]","[""0""]","[""PASS""]"
Z7SQWR,27-05-2018,"[""2946.09""]","[""3051""]","[""PASS""]","[""0""]","[""0""]","[""PASS""]"
NJ3N5H,27-05-2018,"[""7172.23""]",[29180],"[""PASS""]","[""0""]",[0],"[""PASS""]"
KP54WY,27-05-2018,"[""2881.38""]","[""3046""]","[""PASS""]","[""0""]","[""0""]","[""PASS""]"
MLKRGS,27-05-2018,"[""4529.5""]","[""4530""]","[""PASS""]","[""13.5""]","[""0""]","[""FAIL""]"
LGFKME,27-05-2018,"[""2965.1""]","[""3060""]","[""PASS""]","[""0""]","[""0""]","[""PASS""]"
RCL24A,27-05-2018,"[""3455.58""]","[""3614""]","[""PASS""]","[""0""]","[""0""]","[""PASS""]"
RC38PT,27-05-2018,"[""14438.38""]","[""15078""]","[""PASS""]","[""0""]","[""0""]","[""PASS""]"
L9D9GD,27-05-2018,"[""13642.49""]","[""14123""]","[""PASS""]","[""0""]","[""0""]","[""PASS""]"
YHMZ5B,27-05-2018,"[""8978.5""]","[""9073""]","[""PASS""]","[""13.5""]","[""0""]","[""FAIL""]"
KNQTRM,27-05-2018,"[""8978.5""]",[18146],"[""PASS""]","[""13.5""]","[""00""]","[""FAIL""]"
V7VFUZ,27-05-2018,"[""16239.67""]",[67204],"[""PASS""]","[""0""]",[0],"[""PASS""]"
O4RBQS,27-05-2018,"[""19189.34""]","[""19837""]","[""PASS""]","[""0""]","[""0""]","[""PASS""]"
V2VNGR,26-05-2018,"[""4447.75""]",[18516],"[""PASS""]","[""0""]",[0],"[""PASS""]"
SDESNA,26-05-2018,"[""4447.75""]",[18516],"[""PASS""]","[""0""]",[0],"[""PASS""]"
PBHMYG,26-05-2018,"[""4967""]",[30942],"[""PASS""]","[""0""]",[0],"[""PASS""]"
MRRNDY,26-05-2018,"[""5741.72""]","[""5783""]","[""PASS""]","[""0""]",[0],"[""PASS""]"
O7BQSS,26-05-2018,"[""7579.8""]","[""7736""]","[""PASS""]","[""0""]","[""0""]","[""PASS""]"
B9E2XI,26-05-2018,"[""11459.8""]",[23200],"[""PASS""]","[""0""]",[0],"[""PASS""]"
PDWVUL,26-05-2018,"[""3228.08""]","[""3347""]","[""PASS""]","[""0""]","[""0""]","[""PASS""]"
URA7GM,26-05-2018,"[""14106.07""]","[""14458""]","[""PASS""]","[""0""]","[""0""]","[""PASS""]"
NCH89W,01-06-2018,"[""4571.72""]","[""4728""]","[""PASS""]","[""0""]","[""0""]","[""PASS""]"
BCE18Z,01-06-2018,"[""4399.44""]",[8938],"[""PASS""]","[""0""]",[0],"[""PASS""]"
TYZGSY,01-06-2018,"[""4399.44""]","[""4469""]","[""PASS""]","[""0""]","[""0""]","[""PASS""]"
6V3MQI,01-06-2018,"[""5359.46""]","[""5517""]","[""PASS""]","[""0""]","[""0""]","[""PASS""]"
BWBNJW,01-06-2018,"[""9388.5""]","[""9483""]","[""PASS""]","[""13.5""]","[""0""]","[""FAIL""]"
81VMVO,01-06-2018,"[""3760.75""]","[""3964""]","[""PASS""]","[""0""]","[""0""]","[""PASS""]"
CEB9YR,01-06-2018,"[""4557.33""]","[""4758""]","[""PASS""]","[""0""]","[""0""]","[""PASS""]"
VU325H,01-06-2018,"[""8809.5""]","[""8922""]","[""PASS""]","[""13.5""]","[""0""]","[""FAIL""]"
BN8ZNZ,01-06-2018,"[""8809.5""]","[""8922""]","[""PASS""]","[""13.5""]","[""0""]","[""FAIL""]"
3533MO,01-06-2018,"[""2590.73""]","[""2643""]","[""PASS""]","[""0""]","[""0""]","[""PASS""]"
PUT75E,01-06-2018,"[""2087.5""]","[""2147""]","[""PASS""]","[""13.5""]","[""0""]","[""FAIL""]"
G62KMF,01-06-2018,"[""6316.16""]","[""6538""]","[""PASS""]","[""0""]","[""0""]","[""PASS""]"
OBC1QN,28-05-2018,"[""2990.39""]",[6188],"[""PASS""]","[""0""]",[0],"[""PASS""]"
F5BK4F,28-05-2018,"[""4865.12""]","[""4926""]","[""PASS""]","[""0""]","[""0""]","[""PASS""]"
48GHBQ,28-05-2018,"[""5918.93""]","[""6145""]","[""PASS""]","[""0""]","[""0""]","[""PASS""]"
UFK4UW,28-05-2018,"[""8398.29""]","[""8478""]","[""PASS""]","[""0""]","[""0""]","[""PASS""]"
V54JKS,28-05-2018,"[""4857.6""]",[10100],"[""PASS""]","[""0""]",[0],"[""PASS""]"
OOJJ2G,28-05-2018,"[""70732.93""]","[""72041""]","[""PASS""]","[""1.8""]","[""0""]","[""FAIL""]"
I9DD8V,28-05-2018,"[""7065.78""]",[14286],"[""PASS""]","[""0""]",[0],"[""PASS""]"
O755XR,28-05-2018,"[""7223.85""]","[""7234""]","[""PASS""]","[""0""]","[""0""]","[""PASS""]"
N7RRYB,28-05-2018,"[""5922.21""]","[""6037""]","[""PASS""]","[""0""]","[""0""]","[""PASS""]"
FFUZ7R,28-05-2018,"[""6454.75""]","[""6650""]","[""PASS""]","[""0""]","[""0""]","[""PASS""]"
DDNZQE,28-05-2018,"[""6315.4""]","[""6580""]","[""PASS""]","[""0""]","[""0""]","[""PASS""]"
4BVX5C,28-05-2018,"[""3379.38""]","[""3540""]","[""PASS""]","[""0""]","[""0""]","[""PASS""]"
4DZZL2,28-05-2018,"[""4445.54""]","[""4609""]","[""PASS""]","[""0""]","[""0""]","[""PASS""]"
4GG7C0,28-05-2018,"[""4811.87""]","[""4976""]","[""PASS""]","[""0""]","[""0""]","[""PASS""]"
KEPDUR,28-05-2018,"[""4969.55""]","[""5191""]","[""PASS""]","[""0""]","[""0""]","[""PASS""]"
MPLQHG,28-05-2018,"[""11897.5""]",[23984],"[""PASS""]","[""13.5""]","[""00""]","[""FAIL""]"
WG4ZTI,28-05-2018,"[""8605.12""]","[""8856""]","[""PASS""]","[""0""]","[""0""]","[""PASS""]"
K8KQ2D,30-05-2018,"[""3511.71""]",[7246],"[""PASS""]","[""0""]",[0],"[""PASS""]"
ZFEIUJ,30-05-2018,"[""3919.72""]","[""4056""]","[""PASS""]","[""0""]","[""0""]","[""PASS""]"
E7K12M,30-05-2018,"[""7466.44""]","[""7568""]","[""PASS""]","[""0""]","[""0""]","[""PASS""]"
Z3NLUY,30-05-2018,"[""4554.72""]","[""4636""]","[""PASS""]","[""0""]","[""0""]","[""PASS""]"
KG2D6W,30-05-2018,"[""13131.7""]","[""13269""]","[""PASS""]","[""1.8""]","[""0""]","[""FAIL""]"
RZL6VR,30-05-2018,"[""1844.28""]",[3966],"[""PASS""]","[""0""]",[0],"[""PASS""]"
U8JP9L,30-05-2018,"[""4195.88""]",[8532],"[""PASS""]","[""0""]",[0],"[""PASS""]"
CFR5VD,30-05-2018,"[""4195.88""]","[""4266""]","[""PASS""]","[""0""]","[""0""]","[""PASS""]"
R2757X,30-05-2018,"[""2547.19""]","[""2646""]","[""PASS""]","[""0""]","[""0""]","[""PASS""]"
LY5TMV,30-05-2018,"[""8375.29""]","[""8388""]","[""PASS""]","[""0""]","[""0""]","[""PASS""]"
XB5JFA,30-05-2018,"[""2379.96""]","[""2498""]","[""PASS""]","[""0""]","[""0""]","[""PASS""]"
DWRPBG,30-05-2018,"[""8820.5""]","[""8946""]","[""PASS""]","[""0""]","[""0""]","[""PASS""]"
W7FYRM,30-05-2018,"[""2639.01""]","[""2784""]","[""PASS""]","[""0""]","[""0""]","[""PASS""]"
7BV72Y,30-05-2018,"[""4899.55""]","[""5005""]","[""PASS""]","[""0""]","[""0""]","[""PASS""]"
AD1VVN,30-05-2018,"[""4810.61""]","[""5005""]","[""PASS""]","[""0""]","[""0""]","[""PASS""]"
8G5LHU,30-05-2018,"[""8254.74""]","[""8604""]","[""PASS""]","[""0""]","[""0""]","[""PASS""]"
8T8M5M,30-05-2018,"[""4445.54""]","[""4677""]","[""PASS""]","[""0""]","[""0""]","[""PASS""]"
P966YG,30-05-2018,"[""2672.26""]","[""2822""]","[""PASS""]","[""0""]","[""0""]","[""PASS""]"
CL1KJS,30-05-2018,"[""1687.5""]","[""1688""]","[""PASS""]","[""13.5""]","[""0""]","[""FAIL""]"
P3X5VI,30-05-2018,"[""6545.8""]","[""6732""]","[""PASS""]","[""1.8""]","[""0""]","[""FAIL""]"
C1364Y,31-05-2018,"[""6204.09""]","[""6506""]","[""PASS""]","[""0""]","[""0""]","[""PASS""]"
Q7B7FB,31-05-2018,"[""3661.32""]","[""3782""]","[""PASS""]","[""0""]","[""0""]","[""PASS""]"
OYU3LC,31-05-2018,"[""2370.18""]",[4954],"[""PASS""]","[""0""]",[0],"[""PASS""]"
QME5M8,31-05-2018,"[""3034.25""]","[""3147""]","[""PASS""]","[""0""]","[""0""]","[""PASS""]"
V9NWTL,31-05-2018,"[""5377.59""]","[""5501""]","[""PASS""]","[""0""]","[""0""]","[""PASS""]"
PR64K4,31-05-2018,"[""5913.05""]","[""6006""]","[""PASS""]","[""0""]","[""0""]","[""PASS""]"
Y3D3MY,31-05-2018,"[""9404.41""]","[""9686""]","[""PASS""]","[""0""]","[""0""]","[""PASS""]"
FF18JH,31-05-2018,"[""4193.12""]","[""4368""]","[""PASS""]","[""0""]","[""0""]","[""PASS""]"
XLDPKV,31-05-2018,"[""3587.5""]",[7364],"[""PASS""]","[""13.5""]","[""00""]","[""FAIL""]"
4F5616,31-05-2018,"[""4899.55""]","[""5055""]","[""PASS""]","[""0""]","[""0""]","[""PASS""]"
4G7BRM,31-05-2018,"[""4899.55""]","[""5055""]","[""PASS""]","[""0""]","[""0""]","[""PASS""]"
4WLBCY,31-05-2018,"[""5049.75""]",[20744],"[""PASS""]","[""0""]",[0],"[""PASS""]"
N4S92F,31-05-2018,"[""3864.4""]","[""4064""]","[""PASS""]","[""0""]","[""0""]","[""PASS""]"
NOOPOS,31-05-2018,"[""6505.58""]","[""6845""]","[""PASS""]","[""0""]","[""0""]","[""PASS""]"
F7ENWC,31-05-2018,"[""10554.17""]","[""11062""]","[""PASS""]","[""0""]","[""0""]","[""PASS""]"
8W1H18,31-05-2018,"[""6049.32""]","[""6273""]","[""PASS""]","[""0""]","[""0""]","[""PASS""]"
X5U8RY,31-05-2018,"[""10554.17""]","[""11062""]","[""PASS""]","[""0""]","[""0""]","[""PASS""]"
2QQGMU,31-05-2018,"[""5463.22""]","[""5516""]","[""PASS""]","[""0""]","[""0""]","[""PASS""]"
PPG49G,31-05-2018,"[""2689.5""]","[""2784""]","[""PASS""]","[""13.5""]","[""0""]","[""FAIL""]"
ZHQJ4B,31-05-2018,"[""3397.5""]","[""3492""]","[""PASS""]","[""13.5""]","[""0""]","[""FAIL""]"
S9VIMZ,31-05-2018,"[""5032.66""]","[""5184""]","[""PASS""]","[""0""]","[""0""]","[""PASS""]"
Q4XXFO,31-05-2018,"[""10299.16""]",[20958],"[""PASS""]","[""0""]",[0],"[""PASS""]"
U7UHXB,06-05-2018,"[""12360.24""]","[""12504""]","[""PASS""]","[""0""]",[0],"[""PASS""]"
BRL1QN,06-05-2018,"[""5728.5""]","[""5841""]","[""PASS""]","[""13.5""]",[0],"[""FAIL""]"
Z8F7XB,06-05-2018,"[""5752.61""]","[""5870""]","[""PASS""]","[""0""]",[0],"[""PASS""]"
E36R4L,06-05-2018,"[""7884.38""]","[""8122""]","[""PASS""]","[""0""]",[0],"[""PASS""]"
01S0W6,06-05-2018,"[""4570.21""]","[""4657""]","[""PASS""]","[""0""]",[0],"[""PASS""]"
EH7PPN,06-05-2018,"[""13461.49""]","[""13611""]","[""PASS""]","[""0""]",[0],"[""PASS""]"
N13MXC,06-05-2018,"[""51266.53""]",[103180],"[""PASS""]","[""1.8""]",[0],"[""FAIL""]"
N0TCWG,06-05-2018,"[""44296.45""]",[89110],"[""PASS""]","[""1.8""]",[0],"[""FAIL""]"
N0557Q,06-05-2018,"[""32913""]",[98385],"[""PASS""]","[""18""]",[0],"[""FAIL""]"
N07768,06-05-2018,"[""47677.96""]",[143904],"[""PASS""]","[""1.8""]",[0],"[""FAIL""]"
J6KBUU,23-05-2018,"[""5668.04""]","[""5852""]","[""PASS""]","[""0""]",[0],"[""PASS""]"
SY2J7V,23-05-2018,"[""11055.04""]","[""11133""]","[""PASS""]","[""0""]",[0],"[""PASS""]"
M5FMC7,23-05-2018,"[""3642.53""]","[""3751""]","[""PASS""]","[""0""]",[0],"[""PASS""]"
MC3WVA,23-05-2018,"[""4375.99""]","[""4560""]","[""PASS""]","[""0""]",[0],"[""PASS""]"
GYVQ7D,23-05-2018,"[""4091.18""]","[""4207""]","[""PASS""]","[""0""]","[""0""]","[""PASS""]"
XHN7RQ,23-05-2018,"[""8273.24""]","[""8295""]","[""PASS""]","[""0""]","[""0""]","[""PASS""]"
AC179C,23-05-2018,"[""8598.35""]","[""8859""]","[""PASS""]","[""0""]","[""0""]","[""PASS""]"
YD89SP,23-05-2018,"[""2228.62""]","[""2346""]","[""PASS""]","[""0""]","[""0""]","[""PASS""]"
II3L8K,23-05-2018,"[""2228.62""]","[""2242""]","[""PASS""]","[""0""]","[""0""]","[""PASS""]"
45L9WY,23-05-2018,"[""4488.1""]","[""4651""]","[""PASS""]","[""0""]","[""0""]","[""PASS""]"
HCI57N,23-05-2018,"[""5274.34""]","[""5453""]","[""PASS""]","[""0""]","[""0""]","[""PASS""]"
BK2YJE,23-05-2018,"[""6147.82""]","[""6275""]","[""PASS""]","[""0""]","[""0""]","[""PASS""]"
Y9L5RG,23-05-2018,"[""6275.72""]","[""6537""]","[""PASS""]","[""0""]","[""0""]","[""PASS""]"
O5JDYC,23-05-2018,"[""7402.59""]",[23088],"[""PASS""]","[""0""]",[0],"[""PASS""]"
PBJMRS,23-05-2018,"[""3702.52""]","[""3810""]","[""PASS""]","[""0""]","[""0""]","[""PASS""]"
XB9CGF,23-05-2018,"[""12722.8""]","[""12869""]","[""PASS""]","[""0""]","[""0""]","[""PASS""]"
QH38C8,23-05-2018,"[""4135.4""]","[""4378""]","[""PASS""]","[""0""]","[""0""]","[""PASS""]"
CHZ1VA,23-05-2018,"[""6186.19""]","[""6333""]","[""PASS""]","[""0""]","[""0""]","[""PASS""]"
LHJCXB,09-06-2018,"[""6929.5""]","[""7042""]","[""PASS""]","[""13.5""]",[0],"[""FAIL""]"
BIBSFX,09-06-2018,"[""4591.87""]","[""4623""]","[""PASS""]","[""0""]","[""0""]","[""PASS""]"
819S9C,09-06-2018,"[""4601.07""]",[9528],"[""PASS""]","[""0""]",[0],"[""PASS""]"
CY1NSF,03-05-2018,"[""5876.09""]","[""5994""]","[""PASS""]","[""0""]",[0],"[""PASS""]"
R1CS8I,03-05-2018,"[""6865.17""]","[""7078""]","[""PASS""]","[""0""]",[0],"[""PASS""]"
ROLGBN,03-05-2018,"[""5535.47""]","[""5758""]","[""PASS""]","[""0""]",[0],"[""PASS""]"
QWF7JL,06-06-2018,"[""3695.12""]","[""3871""]","[""PASS""]","[""0""]",[0],"[""PASS""]"
DQLDNO,06-06-2018,"[""6218.65""]","[""6451""]","[""PASS""]","[""0""]","[""0""]","[""PASS""]"
SL41V8,06-06-2018,"[""2705.44""]","[""2817""]","[""PASS""]","[""0""]","[""0""]","[""PASS""]"
DL25VR,06-06-2018,"[""3888.94""]","[""3914""]","[""PASS""]","[""0""]","[""0""]","[""PASS""]"
76C83Q,06-06-2018,"[""15137.8""]",[91216],"[""PASS""]","[""1.8""]","[""0000""]","[""FAIL""]"
ITTKKH,06-06-2018,"[""5590.5""]","[""5591""]","[""PASS""]","[""13.5""]","[""0""]","[""FAIL""]"
6PZ88C,06-06-2018,"[""4619.51""]","[""4784""]","[""PASS""]","[""0""]","[""0""]","[""PASS""]"
86NTR4,06-06-2018,"[""36696""]",[73274],"[""PASS""]","[""9""]","[""00""]","[""FAIL""]"
F7PZ2T,08-05-2018,"[""8664.01""]",[17634],"[""PASS""]","[""0""]",[0],"[""PASS""]"
S9FZNY,08-05-2018,"[""9271.92""]","[""9403""]","[""PASS""]","[""0""]",[0],"[""PASS""]"
RO39DJ,08-05-2018,"[""6290.21""]","[""6487""]","[""PASS""]","[""0""]",[0],"[""PASS""]"
HQ6QTD,08-05-2018,"[""3128.5""]","[""3241""]","[""PASS""]","[""13.5""]",[0],"[""FAIL""]"
AJ5H4E,08-05-2018,"[""8810.53""]","[""8818""]","[""PASS""]","[""0""]",[0],"[""PASS""]"
METVFG,08-05-2018,"[""9271.92""]","[""9403""]","[""PASS""]","[""0""]",[0],"[""PASS""]"
DWYQ2T,08-05-2018,"[""6228.5""]","[""6323""]","[""PASS""]","[""13.5""]",[0],"[""FAIL""]"
WWQ3XM,08-05-2018,"[""9377.43""]",[19590],"[""PASS""]","[""0""]",[0],"[""PASS""]"
XLG13S,08-05-2018,"[""4529.5""]","[""4530""]","[""PASS""]","[""13.5""]",[0],"[""FAIL""]"
TE96SZ,08-05-2018,"[""6970.14""]","[""7082""]","[""PASS""]","[""0""]",[0],"[""PASS""]"
LI682S,08-05-2018,"[""9027.43""]","[""9299""]","[""PASS""]","[""0""]",[0],"[""PASS""]"
C3NZ8C,08-05-2018,"[""6252.12""]","[""6510""]","[""PASS""]","[""0""]",[0],"[""PASS""]"
NX43K0,08-05-2018,"[""47221""]","[""47339""]","[""PASS""]","[""18""]",[0],"[""FAIL""]"
C4WKJP,08-05-2018,"[""6280.85""]","[""6539""]","[""PASS""]","[""0""]",[0],"[""PASS""]"
LC98TP,08-05-2018,"[""9546.92""]","[""9678""]","[""PASS""]","[""0""]",[0],"[""PASS""]"
IBD9NC,08-05-2018,"[""9915.6""]","[""10049""]","[""PASS""]","[""0""]",[0],"[""PASS""]"
PMKG6X,08-05-2018,"[""6290.21""]","[""6519""]","[""PASS""]","[""0""]",[0],"[""PASS""]"
U88ZI9,17-06-2018,"[""4053.09""]",[8470],"[""PASS""]","[""0""]",[0],"[""PASS""]"
TJU5VX,17-06-2018,"[""2230.6""]","[""2244""]","[""PASS""]","[""0""]",[0],"[""PASS""]"
SFLV9T,17-06-2018,"[""1232.48""]","[""1347""]","[""PASS""]","[""0""]","[""0""]","[""PASS""]"
KBBI7P,15-06-2018,"[""2528.08""]","[""2542""]","[""PASS""]","[""0""]",[0],"[""PASS""]"
WD4YWP,15-06-2018,"[""2665.09""]","[""2680""]","[""PASS""]","[""0""]","[""0""]","[""PASS""]"
AMUB9J,15-06-2018,"[""2688.5""]","[""2689""]","[""PASS""]","[""13.5""]","[""0""]","[""FAIL""]"
OLY37B,15-06-2018,"[""5740.5""]","[""5780""]","[""PASS""]","[""0""]","[""0""]","[""PASS""]"
KCIIXP,15-06-2018,"[""4550.12""]","[""4580""]","[""PASS""]","[""0""]","[""0""]","[""PASS""]"
USS2PN,15-06-2018,"[""3359.5""]","[""3360""]","[""PASS""]","[""13.5""]","[""0""]","[""FAIL""]"
UJ5U4L,15-06-2018,"[""2485.38""]","[""2626""]","[""PASS""]","[""0""]","[""0""]","[""PASS""]"
SKM9JM,04-06-2018,"[""3447.84""]","[""3561""]","[""PASS""]","[""0""]","[""0""]","[""PASS""]"
BBIR6A,04-06-2018,"[""3721.97""]","[""3883""]","[""PASS""]","[""0""]","[""0""]","[""PASS""]"
76C83Q,04-06-2018,"[""29315""]",[77176],"[""PASS""]","[""18""]","[""0000""]","[""FAIL""]"
QE9QR2,04-06-2018,"[""4520.47""]","[""4779""]","[""PASS""]","[""0""]","[""0""]","[""PASS""]"
L86FRP,04-06-2018,"[""5043.29""]",[20708],"[""PASS""]","[""0""]",[0],"[""PASS""]"
S6K9BY,04-06-2018,"[""8648.85""]","[""8924""]","[""PASS""]","[""0""]","[""0""]","[""PASS""]"
VA732E,04-06-2018,"[""3739.78""]","[""3818""]","[""PASS""]","[""0""]","[""0""]","[""PASS""]"
AJVJPE,16-06-2018,"[""5066.42""]","[""5101""]","[""PASS""]","[""0""]","[""0""]","[""PASS""]"
QV5NYR,16-06-2018,"[""1743.31""]","[""1895""]","[""PASS""]","[""0""]","[""0""]","[""PASS""]"
UJAPYV,16-06-2018,"[""1410.58""]","[""1547""]","[""PASS""]","[""0""]","[""0""]","[""PASS""]"
TKGZHI,16-06-2018,"[""6388.5""]","[""6483""]","[""PASS""]","[""13.5""]","[""0""]","[""FAIL""]"
SQFW4M,20-06-2018,"[""2187.8""]","[""2296""]","[""PASS""]","[""0""]","[""0""]","[""PASS""]"
EGVIVA,20-06-2018,"[""5066.42""]","[""5101""]","[""PASS""]","[""0""]","[""0""]","[""PASS""]"
SF5PUJ,20-06-2018,"[""3577.22""]","[""3600""]","[""PASS""]","[""0""]","[""0""]","[""PASS""]"
SJHW2H,20-06-2018,"[""1640.59""]","[""1704""]","[""PASS""]","[""0""]","[""0""]","[""PASS""]"
G8U66V,24-05-2018,"[""6373.88""]",[13006],"[""PASS""]","[""0""]",[0],"[""PASS""]"
X4ZMVB,24-05-2018,"[""6798.64""]",[27464],"[""PASS""]","[""0""]",[0],"[""PASS""]"
SZE2MR,24-05-2018,"[""2403.48""]","[""2484""]","[""PASS""]","[""0""]","[""0""]","[""PASS""]"
TD5R5W,24-05-2018,"[""7599.74""]","[""7987""]","[""PASS""]","[""0""]","[""0""]","[""PASS""]"
CSWVRU,24-05-2018,"[""7108.28""]","[""7354""]","[""PASS""]","[""0""]","[""0""]","[""PASS""]"
ECPKTH,24-05-2018,"[""6395.33""]",[13008],"[""PASS""]","[""0""]",[0],"[""PASS""]"
4JQB4A,24-05-2018,"[""6643.92""]","[""6790""]","[""PASS""]","[""0""]","[""0""]","[""PASS""]"
6PPZBQ,24-05-2018,"[""3026.98""]","[""3181""]","[""PASS""]","[""0""]","[""0""]","[""PASS""]"
D3TRRL,24-05-2018,"[""13014.29""]",[53572],"[""PASS""]","[""0""]",[0],"[""PASS""]"
U4T86C,24-05-2018,"[""12381.25""]","[""12836""]","[""PASS""]","[""0""]","[""0""]","[""PASS""]"
V4FT9L,24-05-2018,"[""3455.58""]","[""3614""]","[""PASS""]","[""0""]","[""0""]","[""PASS""]"
KF2B0O,24-05-2018,"[""23778.82""]",[24457],"[""PASS""]","[""1.8""]","[""00""]","[""FAIL""]"
M328QB,24-05-2018,"[""5331.06""]","[""5507""]","[""PASS""]","[""0""]","[""0""]","[""PASS""]"
XPVB72,24-05-2018,"[""4561.01""]",[13992],"[""PASS""]","[""0""]",[0],"[""PASS""]"
XQ824I,24-05-2018,"[""5542.22""]",[16926],"[""PASS""]","[""0""]",[0],"[""PASS""]"
OBORNS,24-05-2018,"[""10477.65""]","[""10755""]","[""PASS""]","[""0""]","[""0""]","[""PASS""]"
FP224T,24-05-2018,"[""6455.5""]","[""6550""]","[""PASS""]","[""13.5""]","[""0""]","[""FAIL""]"
PF2VR0,22-05-2018,"[""115987.87""]","[""117796""]","[""PASS""]","[""1.8""]",[0],"[""FAIL""]"
N4JQGS,22-05-2018,"[""3834.31""]","[""3996""]","[""PASS""]","[""0""]","[""0""]","[""PASS""]"
ASJSKK,22-05-2018,"[""20801.05""]",[21318],"[""PASS""]","[""1.8""]","[""00""]","[""FAIL""]"
J6Z9F7,22-05-2018,"[""6118.75""]","[""6244""]","[""PASS""]","[""0""]","[""0""]","[""PASS""]"
QEZCWP,22-05-2018,"[""3228.08""]","[""3347""]","[""PASS""]","[""0""]","[""0""]","[""PASS""]"
9Q3BMM,22-05-2018,"[""7383.57""]","[""7628""]","[""PASS""]","[""0""]","[""0""]","[""PASS""]"
9ZR3W6,22-05-2018,"[""7383.57""]","[""7628""]","[""PASS""]","[""0""]","[""0""]","[""PASS""]"
BC8HKW,22-05-2018,"[""8500.61""]","[""8767""]","[""PASS""]","[""0""]","[""0""]","[""PASS""]"
UHYM8A,22-05-2018,"[""5653.3""]","[""5769""]","[""PASS""]","[""0""]","[""0""]","[""PASS""]"
STFAQY,22-05-2018,"[""8620.64""]","[""8869""]","[""PASS""]","[""0""]","[""0""]","[""PASS""]"
HKHRQE,22-05-2018,"[""8302""]","[""8429""]","[""PASS""]","[""0""]","[""0""]","[""PASS""]"
SSRHWN,22-05-2018,"[""12171.5""]","[""12266""]","[""PASS""]","[""13.5""]","[""0""]","[""FAIL""]"
N3S2KE,22-05-2018,"[""2921.84""]","[""3108""]","[""PASS""]","[""0""]","[""0""]","[""PASS""]"
01S6D3,03-06-2018,"[""2447.53""]",[5154],"[""PASS""]","[""0""]",[0],"[""PASS""]"
R5VNVI,03-06-2018,"[""10662.98""]","[""10967""]","[""PASS""]","[""0""]","[""0""]","[""PASS""]"
DYY8SF,03-06-2018,"[""4015.85""]","[""4125""]","[""PASS""]","[""0""]","[""0""]","[""PASS""]"
QGC8ST,03-06-2018,"[""5573.72""]","[""5691""]","[""PASS""]","[""0""]","[""0""]","[""PASS""]"
E06RFG,03-06-2018,"[""59""]","[""4051""]","[""PASS""]","[""9""]","[""0""]","[""FAIL""]"
TAJSO4,03-06-2018,"[""13177.76""]","[""13518""]","[""PASS""]","[""0""]","[""0""]","[""PASS""]"
TC2AV7,03-06-2018,"[""9724.48""]","[""9891""]","[""PASS""]","[""0""]","[""0""]","[""PASS""]"
436JRE,03-06-2018,"[""5721.31""]","[""5955""]","[""PASS""]","[""0""]","[""0""]","[""PASS""]"
5DV2XC,03-06-2018,"[""3847.61""]","[""4052""]","[""PASS""]","[""0""]","[""0""]","[""PASS""]"
BM4X4I,03-06-2018,"[""7369.64""]","[""7524""]","[""PASS""]","[""0""]","[""0""]","[""PASS""]"
T0CQJS,03-06-2018,"[""7369.64""]","[""7524""]","[""PASS""]","[""0""]","[""0""]","[""PASS""]"
ZYUM9A,03-06-2018,"[""5323.56""]","[""5425""]","[""PASS""]","[""0""]","[""0""]","[""PASS""]"
01S6F5,08-06-2018,"[""2447.53""]",[5154],"[""PASS""]","[""0""]",[0],"[""PASS""]"
XEN6QZ,08-06-2018,"[""5740.5""]","[""5780""]","[""PASS""]","[""0""]","[""0""]","[""PASS""]"
BL71KB,08-06-2018,"[""5072.32""]","[""5106""]","[""PASS""]","[""0""]","[""0""]","[""PASS""]"
ZPLZBM,08-06-2018,"[""4739.97""]","[""4954""]","[""PASS""]","[""0""]","[""0""]","[""PASS""]"
UYCF3A,08-06-2018,"[""3433.18""]","[""3580""]","[""PASS""]","[""0""]","[""0""]","[""PASS""]"
SGRF8R,08-06-2018,"[""1643.2""]","[""1763""]","[""PASS""]","[""0""]","[""0""]","[""PASS""]"
JQ42NT,08-06-2018,"[""6079.5""]","[""6174""]","[""PASS""]","[""13.5""]","[""0""]","[""FAIL""]"
T27SCW,08-06-2018,"[""6756.63""]","[""7006""]","[""PASS""]","[""0""]","[""0""]","[""PASS""]"
V6DXEP,08-06-2018,"[""6337.2""]",[12876],"[""PASS""]","[""0""]",[0],"[""PASS""]"
GG2ITD,18-06-2018,"[""4008.12""]","[""4145""]","[""PASS""]","[""0""]","[""0""]","[""PASS""]"
YY6QQY,18-06-2018,"[""3888.94""]","[""3914""]","[""PASS""]","[""0""]","[""0""]","[""PASS""]"
ACWMYM,27-08-2018,"[""3053.26""]","[""3184""]","[""PASS""]","[""0""]","[""0""]","[""PASS""]"
ND9EJM,26-06-2018,"[""2722.62""]","[""2853""]","[""PASS""]","[""0""]",[0],"[""PASS""]"
HHMWNN,26-06-2018,"[""5066.42""]","[""5101""]","[""PASS""]","[""0""]","[""0""]","[""PASS""]"
UHCFJR,27-06-2018,"[""2386.42""]","[""2635""]","[""PASS""]","[""0""]",[0],"[""PASS""]"
L89HTW,27-06-2018,"[""1692.9""]","[""1824""]","[""PASS""]","[""0""]","[""0""]","[""PASS""]"
Z5J554,27-06-2018,"[""1892.45""]","[""2044""]","[""PASS""]","[""0""]","[""0""]","[""PASS""]"
WFAJDY,13-07-2018,"[""7219.8""]",[22341],"[""PASS""]","[""0""]",[0],"[""PASS""]"
V38MG2,13-07-2018,"[""2925.21""]","[""3036""]","[""PASS""]","[""0""]","[""0""]","[""PASS""]"
WF9EAZ,29-07-2018,"[""5282.71""]",[16422],"[""PASS""]","[""0""]",[0],"[""PASS""]"
Z65DVY,29-07-2018,"[""3370.61""]",[10572],"[""PASS""]","[""0""]",[0],"[""PASS""]"
V6GZ0I,29-07-2018,"[""2187.8""]","[""2296""]","[""PASS""]","[""0""]","[""0""]","[""PASS""]"
M8IV6Y,25-05-2018,"[""4155.11""]","[""4264""]","[""PASS""]","[""0""]","[""0""]","[""PASS""]"
KC8VSP,25-05-2018,"[""7853.04""]","[""7932""]","[""PASS""]","[""0""]","[""0""]","[""PASS""]"
2H82FQ,25-05-2018,"[""8598.35""]","[""8944""]","[""PASS""]","[""0""]","[""0""]","[""PASS""]"
RHR7SA,25-05-2018,"[""2945.1""]","[""3066""]","[""PASS""]","[""0""]","[""0""]","[""PASS""]"
QR4GJQ,25-05-2018,"[""4429.5""]","[""4524""]","[""PASS""]","[""13.5""]","[""0""]","[""FAIL""]"
W495V8,25-05-2018,"[""8404.32""]","[""8794""]","[""PASS""]","[""0""]","[""0""]","[""PASS""]"
7CFNC4,25-05-2018,"[""6118.75""]","[""6138""]","[""PASS""]","[""0""]","[""0""]","[""PASS""]"
TLWG8B,25-05-2018,"[""2444.53""]","[""2548""]","[""PASS""]","[""0""]","[""0""]","[""PASS""]"
GH69UA,25-05-2018,"[""5917.38""]",[12030],"[""PASS""]","[""0""]",[0],"[""PASS""]"
OJJCRY,25-05-2018,"[""3419.7""]","[""3568""]","[""PASS""]","[""0""]","[""0""]","[""PASS""]"
APDFMT,25-05-2018,"[""2827.5""]","[""2840""]","[""PASS""]","[""13.5""]","[""0""]","[""FAIL""]"
QPOHPL,25-05-2018,"[""7053.65""]","[""7233""]","[""PASS""]","[""0""]","[""0""]","[""PASS""]"
Q78MUR,25-05-2018,"[""4899.79""]","[""5013""]","[""PASS""]","[""0""]","[""0""]","[""PASS""]"
E72NQU,25-05-2018,"[""5249.75""]","[""5386""]","[""PASS""]","[""0""]","[""0""]","[""PASS""]"
QD168M,25-05-2018,"[""3470.22""]","[""3577""]","[""PASS""]","[""0""]","[""0""]","[""PASS""]"
YPPIUJ,25-05-2018,"[""13889.5""]","[""13984""]","[""PASS""]","[""13.5""]","[""0""]","[""FAIL""]"
V0J16I,06-07-2018,"[""2925.21""]","[""3036""]","[""PASS""]","[""0""]","[""0""]","[""PASS""]"
V31NG2,08-07-2018,"[""2705.44""]","[""2816""]","[""PASS""]","[""0""]","[""0""]","[""PASS""]"
M3YN5F,08-07-2018,"[""2324.43""]","[""2360""]","[""PASS""]","[""0""]","[""0""]","[""PASS""]"
V4BPDO,15-07-2018,"[""2187.8""]","[""2296""]","[""PASS""]","[""0""]","[""0""]","[""PASS""]"
V6X3XE,27-07-2018,"[""2925.21""]","[""3036""]","[""PASS""]","[""0""]","[""0""]","[""PASS""]"
Q7114C,29-05-2018,"[""3706.02""]","[""3887""]","[""PASS""]","[""0""]","[""0""]","[""PASS""]"
DQBDZS,29-05-2018,"[""3770.75""]",[7608],"[""PASS""]","[""0""]",[0],"[""PASS""]"
UET95K,29-05-2018,"[""3828.67""]","[""4066""]","[""PASS""]","[""0""]","[""0""]","[""PASS""]"
OURMG4,29-05-2018,"[""5192.46""]","[""5244""]","[""PASS""]","[""0""]","[""0""]","[""PASS""]"
OYIOML,29-05-2018,"[""4325.4""]","[""4481""]","[""PASS""]","[""0""]","[""0""]","[""PASS""]"
R2MU78,29-05-2018,"[""3441.14""]","[""3542""]","[""PASS""]","[""0""]","[""0""]","[""PASS""]"
4B3F0A,29-05-2018,"[""8811.38""]","[""9090""]","[""PASS""]","[""0""]","[""0""]","[""PASS""]"
N53LE7,29-05-2018,"[""4595.99""]","[""4803""]","[""PASS""]","[""0""]","[""0""]","[""PASS""]"
KG2D6W,29-05-2018,"[""2171""]","[""5542""]","[""PASS""]","[""18""]","[""0""]","[""FAIL""]"
AGD3NA,29-05-2018,"[""21977""]","[""21989""]","[""PASS""]","[""0""]","[""0""]","[""PASS""]"
KO7LMZ,05-06-2018,"[""84842.36""]","[""85874""]","[""PASS""]","[""1.8""]","[""0""]","[""FAIL""]"
LU1SUX,05-06-2018,"[""3848.5""]","[""3961""]","[""PASS""]","[""13.5""]","[""0""]","[""FAIL""]"
X996YW,05-06-2018,"[""3548.35""]","[""3666""]","[""PASS""]","[""0""]","[""0""]","[""PASS""]"
VAA8ZZ,05-06-2018,"[""3739.78""]","[""3818""]","[""PASS""]","[""0""]","[""0""]","[""PASS""]"
NIZE6K,07-06-2018,"[""5064.88""]","[""5250""]","[""PASS""]","[""0""]","[""0""]","[""PASS""]"
KBMURC,07-06-2018,"[""18578.83""]","[""167310""]","[""PASS""]","[""0""]","[""0""]","[""PASS""]"
S8C72L,07-06-2018,"[""5740.5""]","[""5780""]","[""PASS""]","[""0""]","[""0""]","[""PASS""]"
I8YLGL,07-06-2018,"[""3577.22""]","[""3600""]","[""PASS""]","[""0""]","[""0""]","[""PASS""]"
V4D8HE,07-06-2018,"[""5314.99""]","[""5541""]","[""PASS""]","[""0""]","[""0""]","[""PASS""]"
80JXQQ,07-06-2018,"[""5317.65""]",[10950],"[""PASS""]","[""0""]",[0],"[""PASS""]"
CCC7HH,07-06-2018,"[""7096.24""]",[28764],"[""PASS""]","[""0""]",[0],"[""PASS""]"
V4IW5L,07-06-2018,"[""3742.09""]","[""3845""]","[""PASS""]","[""0""]","[""0""]","[""PASS""]"
SPMCKW,07-06-2018,"[""3387.5""]","[""3500""]","[""PASS""]","[""13.5""]","[""0""]","[""FAIL""]"
FUR18R,07-06-2018,"[""2689.5""]",[5604],"[""PASS""]","[""13.5""]","[""00""]","[""FAIL""]"
SQDTET,02-06-2018,"[""6036.68""]",[12464],"[""PASS""]","[""0""]",[0],"[""PASS""]"
C5642M,02-06-2018,"[""6811.75""]",[14048],"[""PASS""]","[""0""]",[0],"[""PASS""]"
NBLZ6P,02-06-2018,"[""3888.94""]","[""3958""]","[""PASS""]","[""0""]","[""0""]","[""PASS""]"
2PFT5O,02-06-2018,"[""3498.75""]","[""3591""]","[""PASS""]","[""0""]","[""0""]","[""PASS""]"
TK8ZTX,02-06-2018,"[""5455.53""]","[""5528""]","[""PASS""]","[""0""]","[""0""]","[""PASS""]"
PNJ62A,02-06-2018,"[""5478.73""]",[11356],"[""PASS""]","[""0""]",[0],"[""PASS""]"
3V9CF4,02-06-2018,"[""109201.49""]","[""110961""]","[""PASS""]","[""9""]","[""0""]","[""FAIL""]"
DB5Z5I,02-06-2018,"[""4993.41""]","[""5135""]","[""PASS""]","[""0""]","[""0""]","[""PASS""]"
ZLDCCG,02-06-2018,"[""5358.7""]","[""5458""]","[""PASS""]","[""0""]","[""0""]","[""PASS""]"
UWVVRZ,02-06-2018,"[""5126.5""]","[""5239""]","[""PASS""]","[""13.5""]","[""0""]","[""FAIL""]"
R654VI,02-06-2018,"[""4368.37""]","[""4547""]","[""PASS""]","[""0""]","[""0""]","[""PASS""]"
PSZ14N,02-06-2018,"[""6897.5""]","[""6992""]","[""PASS""]","[""13.5""]","[""0""]","[""FAIL""]"
QU8R4U,02-06-2018,"[""6897.5""]","[""6992""]","[""PASS""]","[""13.5""]","[""0""]","[""FAIL""]"
7DM88O,02-06-2018,"[""2068.11""]","[""2168""]","[""PASS""]","[""0""]","[""0""]","[""PASS""]"
V9935I,02-06-2018,"[""4116.35""]","[""4302""]","[""PASS""]","[""0""]","[""0""]","[""PASS""]"
OKPF7R,12-06-2018,"[""3577.22""]","[""3600""]","[""PASS""]","[""0""]","[""0""]","[""PASS""]"
D2MHVI,12-06-2018,"[""3141.51""]","[""3248""]","[""PASS""]","[""0""]","[""0""]","[""PASS""]"
UFSEPG,14-06-2018,"[""3888.94""]","[""3914""]","[""PASS""]","[""0""]","[""0""]","[""PASS""]"
LB7WMS,19-06-2018,"[""5740.5""]","[""5780""]","[""PASS""]","[""0""]","[""0""]","[""PASS""]"
PIQFFK,19-06-2018,"[""3577.22""]","[""3600""]","[""PASS""]","[""0""]","[""0""]","[""PASS""]"
P9VEMI,21-06-2018,"[""5066.42""]","[""5101""]","[""PASS""]","[""0""]","[""0""]","[""PASS""]"
EC3HYP,21-06-2018,"[""4550.12""]","[""4580""]","[""PASS""]","[""0""]","[""0""]","[""PASS""]"
HLBEWR,22-06-2018,"[""4591.87""]","[""4623""]","[""PASS""]","[""0""]","[""0""]","[""PASS""]"
OF88XW,22-06-2018,"[""5851.63""]","[""5891""]","[""PASS""]","[""0""]","[""0""]","[""PASS""]"
FIKMRK,23-06-2018,"[""4588.9""]","[""4620""]","[""PASS""]","[""0""]","[""0""]","[""PASS""]"
N7G3UB,25-06-2018,"[""3888.94""]","[""3914""]","[""PASS""]","[""0""]","[""0""]","[""PASS""]"
NB5I4C,25-08-2018,"[""1928.82""]","[""2022""]","[""PASS""]","[""0""]","[""0""]","[""PASS""]"
F96BYY,02-09-2018,"[""1719.81""]","[""1813""]","[""PASS""]","[""0""]","[""0""]","[""PASS""]"
W46BVX,11-06-2018,"[""4018.27""]","[""4221""]","[""PASS""]","[""0""]","[""0""]","[""PASS""]"
RLS4WF,28-06-2018,"[""2286.5""]","[""2399""]","[""PASS""]","[""13.5""]","[""0""]","[""FAIL""]"
5GLC32,16-08-2018,"[""0""]","[""5555""]","[""PASS""]","[""0""]","[""0""]","[""PASS""]"
QXCLVM,14-07-2018,"[""77813.59""]","[""78250""]","[""PASS""]","[""1.8""]","[""0""]","[""FAIL""]"
QXDTXZ,14-07-2018,"[""98467.78""]","[""99000""]","[""PASS""]","[""1.8""]","[""0""]","[""FAIL""]"
P9JZFI,13-06-2018,"[""7632.8""]","[""7503""]","[""FAIL""]","[""19.8""]",[0],"[""FAIL""]"
PCQD6Y,02-05-2018,"[""3068""]","[""3050""]","[""FAIL""]","[""18""]",[0],"[""FAIL""]"
NCS0BW,16-05-2018,"[""17720.8""]","[""17591""]","[""FAIL""]","[""19.8""]",[0],"[""FAIL""]"
YGJ9MT,18-05-2018,"[""9580.45""]","[""-96649664""]","[""FAIL""]","[""0""]",[0],"[""PASS""]"
V3F3XS,15-05-2018,"[""16210""]","[""16051""]","[""FAIL""]","[""9""]",[0],"[""FAIL""]"
P1ZB3O,19-05-2018,"[""20832.8""]","[""20703""]","[""FAIL""]","[""19.8""]",[0],"[""FAIL""]"
P9G7WQ,10-06-2018,"[""22773.8""]","[""22644""]","[""FAIL""]","[""19.8""]",[0],"[""FAIL""]"
P590HS,28-05-2018,"[""22036.8""]","[""21907""]","[""FAIL""]","[""19.8""]",[0],"[""FAIL""]"
N06CBW,06-05-2018,"[""41471""]","[""41353""]","[""FAIL""]","[""18""]",[0],"[""FAIL""]"
P342BU,23-05-2018,"[""6696.8""]","[""6567""]","[""FAIL""]","[""19.8""]",[0],"[""FAIL""]"
P8L7F4,06-06-2018,"[""12173.8""]","[""12044""]","[""FAIL""]","[""19.8""]",[0],"[""FAIL""]"
NB47XU,15-06-2018,"[""29512.92""]","[""16758""]","[""FAIL""]","[""1.8""]","[""0""]","[""FAIL""]"
P6P0ZS,04-06-2018,"[""7929.8""]","[""7800""]","[""FAIL""]","[""19.8""]",[0],"[""FAIL""]"
PBV7PQ,16-06-2018,"[""13952.8""]","[""13823""]","[""FAIL""]","[""19.8""]",[0],"[""FAIL""]"
PKDBN6,20-06-2018,"[""15554.8""]","[""15425""]","[""FAIL""]","[""19.8""]",[0],"[""FAIL""]"
WV8QLW,19-06-2018,"[""2067.8""]","[""1997""]","[""FAIL""]","[""10.8""]","[""0""]","[""FAIL""]"
FKTZPR,13-06-2018,,,"[""PNR AVAILABLE ONLY ON TRIPEUR""]",,,"[""PNR AVAILABLE ONLY ON TRIPEUR""]"
,01-05-2018,,,"[""DATE AVAILABLE ONLY ON TRIPEUR""]",,,"[""DATE AVAILABLE ONLY ON TRIPEUR""]"
NX43K0,14-05-2018,,,"[""PNR AVAILABLE ONLY ON TRIPEUR""]",,,"[""PNR AVAILABLE ONLY ON TRIPEUR""]"
TESTIN,16-05-2018,,,"[""PNR AVAILABLE ONLY ON TRIPEUR""]",,,"[""PNR AVAILABLE ONLY ON TRIPEUR""]"
"768yuijknm,",04-05-2018,,,"[""PNR AVAILABLE ONLY ON TRIPEUR""]",,,"[""PNR AVAILABLE ONLY ON TRIPEUR""]"
01S44M,11-05-2018,,,"[""PNR AVAILABLE ONLY ON TRIPEUR""]",,,"[""PNR AVAILABLE ONLY ON TRIPEUR""]"
,20-04-2018,,,"[""DATE AVAILABLE ONLY ON TRIPEUR""]",,,"[""DATE AVAILABLE ONLY ON TRIPEUR""]"
NX43K0,13-05-2018,,,"[""PNR AVAILABLE ONLY ON TRIPEUR""]",,,"[""PNR AVAILABLE ONLY ON TRIPEUR""]"
01S44M,12-05-2018,,,"[""PNR AVAILABLE ONLY ON TRIPEUR""]",,,"[""PNR AVAILABLE ONLY ON TRIPEUR""]"
VIWMIZ,17-05-2018,,,"[""PNR AVAILABLE ONLY ON TRIPEUR""]",,,"[""PNR AVAILABLE ONLY ON TRIPEUR""]"
873847834,18-05-2018,,,"[""PNR AVAILABLE ONLY ON TRIPEUR""]",,,"[""PNR AVAILABLE ONLY ON TRIPEUR""]"
HBNPBH,18-05-2018,,,"[""PNR AVAILABLE ONLY ON TRIPEUR""]",,,"[""PNR AVAILABLE ONLY ON TRIPEUR""]"
,14-04-2018,,,"[""DATE AVAILABLE ONLY ON TRIPEUR""]",,,"[""DATE AVAILABLE ONLY ON TRIPEUR""]"
,17-04-2018,,,"[""DATE AVAILABLE ONLY ON TRIPEUR""]",,,"[""DATE AVAILABLE ONLY ON TRIPEUR""]"
,19-04-2018,,,"[""DATE AVAILABLE ONLY ON TRIPEUR""]",,,"[""DATE AVAILABLE ONLY ON TRIPEUR""]"
,04-04-2018,,,"[""DATE AVAILABLE ONLY ON TRIPEUR""]",,,"[""DATE AVAILABLE ONLY ON TRIPEUR""]"
,18-04-2018,,,"[""DATE AVAILABLE ONLY ON TRIPEUR""]",,,"[""DATE AVAILABLE ONLY ON TRIPEUR""]"
,28-04-2018,,,"[""DATE AVAILABLE ONLY ON TRIPEUR""]",,,"[""DATE AVAILABLE ONLY ON TRIPEUR""]"
TMOXYA,20-05-2018,,,"[""PNR AVAILABLE ONLY ON TRIPEUR""]",,,"[""PNR AVAILABLE ONLY ON TRIPEUR""]"
TLL8DL,20-05-2018,,,"[""PNR AVAILABLE ONLY ON TRIPEUR""]",,,"[""PNR AVAILABLE ONLY ON TRIPEUR""]"
KDE4AS,20-05-2018,,,"[""PNR AVAILABLE ONLY ON TRIPEUR""]",,,"[""PNR AVAILABLE ONLY ON TRIPEUR""]"
UTXGFB,31-05-2018,,,"[""PNR AVAILABLE ONLY ON TRIPEUR""]",,,"[""PNR AVAILABLE ONLY ON TRIPEUR""]"
DIFZML,31-05-2018,,,"[""PNR AVAILABLE ONLY ON TRIPEUR""]",,,"[""PNR AVAILABLE ONLY ON TRIPEUR""]"
TF85O4,23-05-2018,,,"[""PNR AVAILABLE ONLY ON TRIPEUR""]",,,"[""PNR AVAILABLE ONLY ON TRIPEUR""]"
E06RFG,06-06-2018,,,"[""PNR AVAILABLE ONLY ON TRIPEUR""]",,,"[""PNR AVAILABLE ONLY ON TRIPEUR""]"
VQPBSZ,08-05-2018,,,"[""PNR AVAILABLE ONLY ON TRIPEUR""]",,,"[""PNR AVAILABLE ONLY ON TRIPEUR""]"
XCJXHM,15-06-2018,,,"[""PNR AVAILABLE ONLY ON TRIPEUR""]",,,"[""PNR AVAILABLE ONLY ON TRIPEUR""]"
,24-04-2018,,,"[""DATE AVAILABLE ONLY ON TRIPEUR""]",,,"[""DATE AVAILABLE ONLY ON TRIPEUR""]"
JPFH5C,22-05-2018,,,"[""PNR AVAILABLE ONLY ON TRIPEUR""]",,,"[""PNR AVAILABLE ONLY ON TRIPEUR""]"
,09-07-2018,,,"[""DATE AVAILABLE ONLY ON TRIPEUR""]",,,"[""DATE AVAILABLE ONLY ON TRIPEUR""]"
MWFSRW,30-04-2018,"[""-658""]","[""-667""]","[""CANCELLED""]","[""9""]","[""0""]","[""CANCELLED""]"
JRF3WZ,07-05-2018,"[""-7860.64""]","[""-8033""]","[""CANCELLED""]","[""9""]","[""0""]","[""CANCELLED""]"
GEIVFG,07-05-2018,"[""-341.38""]",[2994],"[""CANCELLED""]","[""18""]",[0],"[""CANCELLED""]"
JSS6JP,07-05-2018,"[""-7860.64""]","[""-8032""]","[""CANCELLED""]","[""9""]","[""0""]","[""CANCELLED""]"
TDVG5R,07-05-2018,"[""-673.96""]","[""-3216""]","[""CANCELLED""]","[""9""]","[""0""]","[""CANCELLED""]"
MLBZNR,02-05-2018,"[""-1974.8""]","[""-1900""]","[""CANCELLED""]","[""18""]","[""0""]","[""CANCELLED""]"
7QMXMA,09-05-2018,"[""-5977.51""]",[7448],"[""CANCELLED""]","[""9""]",[0],"[""CANCELLED""]"
TLG1UE,09-05-2018,"[""-3129.44""]","[""-3059""]","[""CANCELLED""]","[""9""]","[""0""]","[""CANCELLED""]"
FE5DKW,09-05-2018,"[""-5230.48""]","[""-5177""]","[""CANCELLED""]","[""18""]","[""0""]","[""CANCELLED""]"
VYLIKV,09-05-2018,"[""-2464""]",[3309],"[""CANCELLED""]","[""18""]",[0],"[""CANCELLED""]"
7N92WG,09-05-2018,"[""-3947.24""]",[3749],"[""CANCELLED""]","[""9""]",[0],"[""CANCELLED""]"
714RMG,14-05-2018,"[""-5214.02""]",[3725],"[""CANCELLED""]","[""9""]",[0],"[""CANCELLED""]"
S9J4DO,14-05-2018,"[""-4473.26""]","[""-4452""]","[""CANCELLED""]","[""9""]","[""0""]","[""CANCELLED""]"
N7ZCHB,14-05-2018,"[""-11053.03""]",[3631],"[""CANCELLED""]","[""18""]",[0],"[""CANCELLED""]"
QG6U38,14-05-2018,"[""-5468.43""]",[13048],"[""CANCELLED""]","[""9""]",[0],"[""CANCELLED""]"
72246I,16-05-2018,"[""-1853.91""]",[3725],"[""CANCELLED""]","[""9""]",[0],"[""CANCELLED""]"
RB2ZTW,16-05-2018,"[""-205.48""]",[2101],"[""CANCELLED""]","[""18""]",[0],"[""CANCELLED""]"
OGJL9G,16-05-2018,"[""-4777.87""]",[2688],"[""CANCELLED""]","[""9""]",[0],"[""CANCELLED""]"
IHUN7K,16-05-2018,"[""-11339.94""]",[3232],"[""CANCELLED""]","[""18""]",[0],"[""CANCELLED""]"
D9HQNV,16-05-2018,"[""-2664.79""]",[14929],"[""CANCELLED""]","[""9""]",[0],"[""CANCELLED""]"
8QGD1U,04-05-2018,"[""-5290.05""]",[12918],"[""CANCELLED""]","[""9""]",[0],"[""CANCELLED""]"
AZDS7W,04-05-2018,"[""-5290.05""]",[3678],"[""CANCELLED""]","[""9""]",[0],"[""CANCELLED""]"
S5K2A3,11-05-2018,"[""-3413.68""]",[3785],"[""CANCELLED""]","[""9""]",[0],"[""CANCELLED""]"
PHS1JN,11-05-2018,"[""-2743.26""]",[3190],"[""CANCELLED""]","[""9""]",[0],"[""CANCELLED""]"
VETTNP,10-05-2018,"[""-7993.51""]",[549],"[""CANCELLED""]","[""9""]",[0],"[""CANCELLED""]"
D5P36Z,10-05-2018,"[""-2252.89""]",[3189],"[""CANCELLED""]","[""9""]",[0],"[""CANCELLED""]"
AC5R5Z,10-05-2018,"[""-3198.08""]",[3250],"[""CANCELLED""]","[""9""]",[0],"[""CANCELLED""]"
OB6N8C,13-05-2018,"[""-4039.12""]",[3309],"[""CANCELLED""]","[""18""]",[0],"[""CANCELLED""]"
JPNO47,12-05-2018,"[""-2785.2""]",[2864],"[""CANCELLED""]","[""9""]",[0],"[""CANCELLED""]"
SM53HA,17-05-2018,"[""-51117.4""]","[""-55269""]","[""CANCELLED""]","[""18""]","[""0""]","[""CANCELLED""]"
F6L1NZ,17-05-2018,"[""-566.26""]",[6148],"[""CANCELLED""]","[""9""]",[0],"[""CANCELLED""]"
MYD5UV,17-05-2018,"[""-6098.59""]",[21829],"[""CANCELLED""]","[""9""]",[0],"[""CANCELLED""]"
QDK1FN,17-05-2018,"[""-2561.78""]",[0],"[""CANCELLED""]","[""0""]",[0],"[""CANCELLED""]"
SF5330,21-05-2018,"[""-51117.4""]",[-156357],"[""CANCELLED""]","[""18""]",[0],"[""CANCELLED""]"
FF1CXX,18-05-2018,"[""-4332.79""]",[3343],"[""CANCELLED""]","[""18""]",[0],"[""CANCELLED""]"
HE4NUJ,18-05-2018,"[""-4658.92""]",[0],"[""CANCELLED""]","[""4.5""]",[0],"[""CANCELLED""]"
QGFFMN,15-05-2018,"[""-1305.5""]",[8735],"[""CANCELLED""]","[""9""]",[0],"[""CANCELLED""]"
F6Q4FC,15-05-2018,"[""-2845.26""]",[0],"[""CANCELLED""]","[""0""]",[0],"[""CANCELLED""]"
TYJLV5,19-05-2018,"[""-6215.38""]",[6892],"[""CANCELLED""]","[""9""]",[0],"[""CANCELLED""]"
OIITFK,19-05-2018,"[""-2137.19""]",[3178],"[""CANCELLED""]","[""9""]",[0],"[""CANCELLED""]"
IYFUVW,05-05-2018,"[""-6636.38""]","[""-6827""]","[""CANCELLED""]","[""9""]","[""0""]","[""CANCELLED""]"
U647FA,05-05-2018,"[""-2698.56""]","[""130396""]","[""CANCELLED""]","[""1.8""]",[0],"[""CANCELLED""]"
X2BBN4,20-05-2018,"[""-3516.86""]","[""-3490""]","[""CANCELLED""]","[""9""]","[""0""]","[""CANCELLED""]"
KH5SPA,20-05-2018,"[""-1874.12""]",[6618],"[""CANCELLED""]","[""18""]",[0],"[""CANCELLED""]"
WJJ7SK,20-05-2018,"[""-4190.28""]",[3166],"[""CANCELLED""]","[""18""]",[0],"[""CANCELLED""]"
1D4NRQ,10-06-2018,"[""-28236.78""]",[454],"[""CANCELLED""]","[""18""]",[0],"[""CANCELLED""]"
KENF4H,27-05-2018,"[""-403.96""]",[3066],"[""CANCELLED""]","[""18""]",[0],"[""CANCELLED""]"
XBY29N,26-05-2018,"[""-459.1""]",[2097],"[""CANCELLED""]","[""9""]",[0],"[""CANCELLED""]"
WYBFQZ,26-05-2018,"[""-4461.8""]",[0],"[""CANCELLED""]","[""18""]",[0],"[""CANCELLED""]"
45QR6S,01-06-2018,"[""-2413.65""]",[2873],"[""CANCELLED""]","[""9""]",[0],"[""CANCELLED""]"
22BKJU,28-05-2018,"[""-2559.75""]",[3673],"[""CANCELLED""]","[""9""]",[0],"[""CANCELLED""]"
NNRR34,28-05-2018,"[""-104792.05""]",[472],"[""CANCELLED""]","[""18""]",[0],"[""CANCELLED""]"
XNM24K,28-05-2018,"[""-2377.92""]",[1618],"[""CANCELLED""]","[""4.5""]",[0],"[""CANCELLED""]"
DV9XF4,30-05-2018,"[""-2659.65""]",[9912],"[""CANCELLED""]","[""9""]",[0],"[""CANCELLED""]"
Z93H3I,31-05-2018,"[""-4890.48""]",[324],"[""CANCELLED""]","[""4.5""]",[0],"[""CANCELLED""]"
4F46G0,31-05-2018,"[""-2862.25""]",[5546],"[""CANCELLED""]","[""4.5""]",[0],"[""CANCELLED""]"
LXBZCU,11-04-2018,"[""-336.58""]","[""-348""]","[""CANCELLED""]","[""4.5""]","[""0""]","[""CANCELLED""]"
LX6P2P,08-04-2018,"[""-869.14""]","[""-903""]","[""CANCELLED""]","[""4.5""]","[""0""]","[""CANCELLED""]"
Q7KNYS,06-05-2018,"[""-5177.75""]","[""-5284""]","[""CANCELLED""]","[""4.5""]","[""0""]","[""CANCELLED""]"
T4M7G8,23-05-2018,"[""-3120.76""]",[4346],"[""CANCELLED""]","[""9""]",[0],"[""CANCELLED""]"
LWDQRF,09-06-2018,"[""-3245.79""]",[9350],"[""CANCELLED""]","[""9""]",[0],"[""CANCELLED""]"
RKVTGE,03-06-2018,"[""-3292.76""]",[32255],"[""CANCELLED""]","[""4.5""]",[0],"[""CANCELLED""]"
